фома,фомич,йцу,mail@tut.by,123
ання,гриб,еуку,amail@tut.by,321
вася,пупкин,9876,bmail@tut.by,856
петя,петров,7965,cmail@tut.by,123
фома,фомич,йцу,mail@tut.by,123
ання,гриб,еуку,amail@tut.by,321
вася,пупкин,9876,bmail@tut.by,856
петя,петров,7965,cmail@tut.by,123
фома,фомич,йцу,mail@tut.by,123
ання,гриб,еуку,amail@tut.by,321
вася,пупкин,9876,bmail@tut.by,856
петя,петров,7965,cmail@tut.by,123
фома,фомич,йцу,mail@tut.by,123
ання,гриб,еуку,amail@tut.by,321
вася,пупкин,9876,bmail@tut.by,856
петя,петров,7965,cmail@tut.by,123
фома,фомич,йцу,mail@tut.by,123
ання,гриб,еуку,amail@tut.by,321
вася,пупкин,9876,bmail@tut.by,856
петя,петров,7965,cmail@tut.by,123
вася,пупкин,9876,bmail@tut.by,856
петя,петров,7965,cmail@tut.by,123
фома,фомич,йцу,mail@tut.by,123
ання,гриб,еуку,amail@tut.by,321
вася,пупкин,9876,bmail@tut.by,856
петя,петров,7965,cmail@tut.by,123
фома,фомич,йцу,mail@tut.by,123
ання,гриб,еуку,amail@tut.by,321
вася,пупкин,9876,bmail@tut.by,856
петя,петров,7965,cmail@tut.by,123
фома,фомич,йцу,mail@tut.by,123
ання,гриб,еуку,amail@tut.by,321
вася,пупкин,9876,bmail@tut.by,856
петя,петров,7965,cmail@tut.by,123
вася,пупкин,9876,bmail@tut.by,856
петя,петров,7965,cmail@tut.by,123
фома,фомич,йцу,mail@tut.by,123
ання,гриб,еуку,amail@tut.by,321
вася,пупкин,9876,bmail@tut.by,856
петя,петров,7965,cmail@tut.by,123
фома,фомич,йцу,mail@tut.by,123
ання,гриб,еуку,amail@tut.by,321
вася,пупкин,9876,bmail@tut.by,856
петя,петров,7965,cmail@tut.by,123
фома,фомич,йцу,mail@tut.by,123
ання,гриб,еуку,amail@tut.by,321
вася,пупкин,9876,bmail@tut.by,856
петя,петров,7965,cmail@tut.by,123